DeviceName,DeviceID,FPS
Device5,5,200
Frame,TrackingState,Timecode,PositionX,PositionY,PositionZ,rotY,rotX,rotZ,quatX,quatY,quatZ,quatW
1,8,15:22:49.034,-1.07007,1.14939,0.816074,92.9906,5.13184,88.8654,-0.529272,-0.495835,-0.458269,-0.513818
2,8,15:22:49.039,-1.06999,1.14955,0.81589,92.9141,5.17841,88.9241,-0.52941,-0.495016,-0.458666,-0.514111
3,8,15:22:49.044,-1.07006,1.14988,0.815612,92.905,5.18203,88.9754,-0.52961,-0.494721,-0.458922,-0.51396
4,8,15:22:49.049,-1.06977,1.14996,0.81554,92.8056,5.29874,89.0313,-0.52993,-0.493502,-0.459083,-0.514659
5,8,15:22:49.054,-1.0696,1.1502,0.815308,92.7219,5.33613,89.0998,-0.530041,-0.492643,-0.459603,-0.514902
6,8,15:22:49.059,-1.06948,1.15037,0.81503,92.66,5.39908,89.1887,-0.530432,-0.491674,-0.459994,-0.515077
7,8,15:22:49.064,-1.06936,1.15049,0.814756,92.5859,5.45808,89.258,-0.530672,-0.490759,-0.460371,-0.515366
8,8,15:22:49.070,-1.0692,1.15059,0.814439,92.5289,5.48835,89.3303,-0.530875,-0.490032,-0.460819,-0.515447
9,8,15:22:49.074,-1.06896,1.15062,0.814097,92.4849,5.54407,89.4113,-0.531271,-0.489211,-0.461126,-0.515544
10,8,15:22:49.080,-1.06878,1.15063,0.8138,92.4317,5.57964,89.4853,-0.531518,-0.48847,-0.46154,-0.515623
11,8,15:22:49.084,-1.06869,1.15083,0.813367,92.4287,5.56477,89.569,-0.531802,-0.488135,-0.461999,-0.515236
12,8,15:22:49.089,-1.06835,1.15071,0.813307,92.337,5.62888,89.6849,-0.532185,-0.486898,-0.462647,-0.515429
13,8,15:22:49.094,-1.0681,1.1507,0.812767,92.2707,5.64955,89.7121,-0.532117,-0.48638,-0.462981,-0.515689
14,8,15:22:49.099,-1.06787,1.15069,0.812503,92.2428,5.70542,89.7893,-0.532559,-0.485646,-0.463197,-0.515731
15,8,15:22:49.104,-1.06774,1.15063,0.812327,92.1936,5.71443,89.873,-0.532751,-0.484994,-0.463761,-0.515638
16,8,15:22:49.109,-1.06739,1.15067,0.811749,92.0712,5.77708,89.9227,-0.532719,-0.483931,-0.464262,-0.516219
17,8,15:22:49.114,-1.0672,1.15056,0.811313,91.9972,5.77107,89.947,-0.532498,-0.483511,-0.464743,-0.516407
18,8,15:22:49.119,-1.06711,1.15033,0.811222,92.028,5.74392,89.9562,-0.532551,-0.48373,-0.464768,-0.516126
19,8,15:22:49.124,-1.06688,1.15021,0.81092,91.9896,5.75912,89.9688,-0.53251,-0.483429,-0.464933,-0.516301
20,8,15:22:49.129,-1.06666,1.15014,0.810643,91.9349,5.76759,89.9796,-0.532368,-0.483095,-0.465196,-0.516523
21,8,15:22:49.134,-1.0665,1.15006,0.81026,91.8772,5.78805,90.0209,-0.532391,-0.482551,-0.465555,-0.516685
22,8,15:22:49.139,-1.06618,1.15006,0.809973,91.8689,5.83993,90.0409,-0.532652,-0.482186,-0.465443,-0.516857
23,8,15:22:49.145,-1.06621,1.1501,0.809445,91.7703,5.85327,90.0742,-0.532446,-0.481526,-0.46599,-0.517192
24,8,15:22:49.149,-1.06587,1.1499,0.809079,91.7474,5.8831,90.0739,-0.532472,-0.481289,-0.465956,-0.517416
25,8,15:22:49.154,-1.06552,1.14973,0.808831,91.6471,5.91205,90.0962,-0.532275,-0.480602,-0.466389,-0.517868
26,8,15:22:49.159,-1.06553,1.14938,0.808826,91.7076,5.86862,90.0835,-0.532291,-0.481131,-0.466251,-0.517483
27,8,15:22:49.164,-1.06547,1.14924,0.808431,91.6514,5.86638,90.0611,-0.53196,-0.480991,-0.466422,-0.5178
28,8,15:22:49.169,-1.06535,1.14912,0.808113,91.6273,5.90482,90.014,-0.53182,-0.480926,-0.466143,-0.518255
29,8,15:22:49.174,-1.06526,1.14903,0.807772,91.606,5.92868,89.9576,-0.531594,-0.480985,-0.465875,-0.518674
30,8,15:22:49.179,-1.06504,1.1491,0.807258,91.4956,5.99766,89.8882,-0.531135,-0.480494,-0.465753,-0.519708
31,8,15:22:49.185,-1.06504,1.14898,0.807099,91.5227,6.00017,89.7878,-0.530834,-0.48107,-0.46516,-0.520012
32,8,15:22:49.189,-1.06498,1.14886,0.806912,91.4724,6.02638,89.7469,-0.530565,-0.480913,-0.465086,-0.520499
33,8,15:22:49.194,-1.06485,1.14882,0.806647,91.4051,6.06149,89.66,-0.53007,-0.480851,-0.464838,-0.521281
34,8,15:22:49.199,-1.06461,1.14894,0.80613,91.269,6.14687,89.5728,-0.529502,-0.480247,-0.464673,-0.52256
35,8,15:22:49.204,-1.06471,1.14882,0.806173,91.3262,6.14614,89.473,-0.529312,-0.480972,-0.463957,-0.522722
36,8,15:22:49.210,-1.06473,1.14882,0.805967,91.2754,6.1809,89.3962,-0.528927,-0.480938,-0.463679,-0.52339
37,8,15:22:49.214,-1.0647,1.14877,0.805738,91.2221,6.22112,89.3214,-0.528562,-0.480857,-0.463396,-0.524083
38,8,15:22:49.220,-1.06458,1.14879,0.805644,91.1837,6.26703,89.2647,-0.528357,-0.480735,-0.4631,-0.524664
39,8,15:22:49.224,-1.06446,1.14888,0.80533,91.093,6.32438,89.2112,-0.528001,-0.480307,-0.463005,-0.525497
40,8,15:22:49.229,-1.06451,1.14876,0.805058,91.0253,6.30702,89.1505,-0.527402,-0.480354,-0.463119,-0.525954
41,8,15:22:49.234,-1.06446,1.14872,0.804868,90.9784,6.30899,89.101,-0.527013,-0.480358,-0.463098,-0.526359
42,8,15:22:49.239,-1.0647,1.1487,0.804553,90.953,6.26502,89.0205,-0.526392,-0.48081,-0.46305,-0.52661
43,8,15:22:49.244,-1.06459,1.14829,0.804718,90.9642,6.19159,88.963,-0.525893,-0.481458,-0.463077,-0.526493
44,8,15:22:49.249,-1.0646,1.14842,0.804638,90.9423,6.21125,88.9746,-0.525934,-0.481215,-0.46314,-0.526619
45,8,15:22:49.254,-1.06464,1.14832,0.804525,90.9014,6.16841,88.9321,-0.525413,-0.481415,-0.463332,-0.526786
46,8,15:22:49.259,-1.06465,1.14822,0.804406,90.8575,6.11655,88.905,-0.524908,-0.481572,-0.46365,-0.526867
47,8,15:22:49.265,-1.06467,1.14813,0.804317,90.8114,6.0592,88.8788,-0.524374,-0.48174,-0.464007,-0.526931
48,8,15:22:49.269,-1.0648,1.14803,0.804121,90.8414,6.06012,88.8832,-0.524518,-0.481853,-0.463886,-0.526791
49,8,15:22:49.274,-1.06485,1.14794,0.804076,90.7945,6.00152,88.8577,-0.523978,-0.482019,-0.464257,-0.52685
50,8,15:22:49.279,-1.06465,1.14798,0.803942,90.6169,5.93184,88.8198,-0.52281,-0.48169,-0.465218,-0.527464
51,8,15:22:49.284,-1.06464,1.1479,0.803963,90.5856,5.89399,88.8424,-0.52262,-0.481614,-0.46564,-0.527348
52,8,15:22:49.289,-1.06482,1.14763,0.804097,90.6167,5.79543,88.8291,-0.522281,-0.482262,-0.465895,-0.526866
53,8,15:22:49.294,-1.06482,1.14744,0.804147,90.5668,5.73682,88.8586,-0.521958,-0.482163,-0.46653,-0.526715
54,8,15:22:49.299,-1.06498,1.14733,0.803954,90.5004,5.66425,88.8598,-0.52139,-0.48218,-0.467174,-0.526691
55,8,15:22:49.304,-1.06494,1.14709,0.804037,90.4502,5.60015,88.8854,-0.521026,-0.482122,-0.467817,-0.526534
56,8,15:22:49.309,-1.06485,1.14714,0.803767,90.3158,5.60961,88.9459,-0.52077,-0.481187,-0.468662,-0.52689
57,8,15:22:49.314,-1.06497,1.14697,0.803783,90.2724,5.54473,88.9795,-0.520463,-0.481128,-0.469313,-0.526668
58,8,15:22:49.319,-1.06503,1.14681,0.803875,90.2365,5.49781,89.0273,-0.52032,-0.480958,-0.469913,-0.52643
59,8,15:22:49.324,-1.06508,1.14663,0.803926,90.1699,5.43455,89.0559,-0.519903,-0.480808,-0.470638,-0.526331
60,8,15:22:49.329,-1.06513,1.14646,0.803988,90.1086,5.38855,89.1032,-0.519657,-0.480521,-0.471345,-0.526204
61,8,15:22:49.334,-1.0652,1.14632,0.804029,90.0362,5.33221,89.1488,-0.519314,-0.480237,-0.472141,-0.526088
62,8,15:22:49.339,-1.06519,1.14618,0.804129,90.0052,5.31853,89.1981,-0.519336,-0.479933,-0.472571,-0.525958
63,8,15:22:49.344,-1.06537,1.14619,0.80411,89.9977,5.23583,89.2516,-0.519182,-0.480031,-0.473229,-0.525427
64,8,15:22:49.349,-1.06541,1.14602,0.804183,89.9458,5.196,89.2934,-0.518976,-0.479784,-0.473839,-0.525307
65,8,15:22:49.354,-1.06546,1.14585,0.804301,89.8738,5.15761,89.3382,-0.518705,-0.479425,-0.474546,-0.525265
66,8,15:22:49.359,-1.06537,1.1456,0.804547,89.7586,5.16438,89.3804,-0.518432,-0.478675,-0.47523,-0.525599
67,8,15:22:49.364,-1.06537,1.14545,0.804659,89.7014,5.13447,89.4078,-0.518184,-0.478425,-0.475751,-0.525601
68,8,15:22:49.369,-1.06537,1.14534,0.804702,89.6255,5.10396,89.4249,-0.517811,-0.478138,-0.476312,-0.525721
69,8,15:22:49.374,-1.06543,1.1452,0.80494,89.5767,5.0842,89.4655,-0.517695,-0.477821,-0.476809,-0.525674
70,8,15:22:49.379,-1.06549,1.14512,0.805082,89.5021,5.04933,89.4928,-0.517351,-0.477514,-0.47743,-0.525728
71,8,15:22:49.384,-1.06552,1.14501,0.805174,89.4383,5.02419,89.5051,-0.517031,-0.47728,-0.477888,-0.525839
72,8,15:22:49.389,-1.06566,1.14488,0.805203,89.4275,5.03808,89.5667,-0.517301,-0.476889,-0.478156,-0.525683
73,8,15:22:49.394,-1.06576,1.14479,0.805483,89.3845,5.00404,89.6101,-0.517158,-0.476651,-0.478704,-0.525541
74,8,15:22:49.399,-1.06583,1.14461,0.805661,89.2395,4.88179,89.6084,-0.51603,-0.476551,-0.479905,-0.525646
75,8,15:22:49.404,-1.0659,1.14445,0.805831,89.1708,4.83314,89.654,-0.515726,-0.476252,-0.480643,-0.52554
76,8,15:22:49.409,-1.06598,1.14432,0.80604,89.1162,4.78006,89.6927,-0.515434,-0.47607,-0.481306,-0.525385
77,8,15:22:49.414,-1.06607,1.1442,0.80627,89.0419,4.72221,89.7178,-0.514981,-0.475881,-0.482017,-0.525349
78,8,15:22:49.419,-1.06631,1.14412,0.806312,89.028,4.64543,89.7952,-0.514919,-0.475819,-0.482781,-0.524764
79,8,15:22:49.424,-1.06626,1.1438,0.806588,88.9031,4.64928,89.8397,-0.514593,-0.47503,-0.483528,-0.525111
80,8,15:22:49.429,-1.06646,1.1438,0.806665,88.892,4.57099,89.8782,-0.514375,-0.475164,-0.484106,-0.52467
81,8,15:22:49.434,-1.06652,1.14337,0.807147,88.849,4.54907,89.9289,-0.51431,-0.47484,-0.48463,-0.524544
82,8,15:22:49.439,-1.06658,1.14324,0.807336,88.7941,4.52778,89.9629,-0.514129,-0.474533,-0.485128,-0.524539
83,8,15:22:49.444,-1.06655,1.14319,0.807254,88.7031,4.52815,89.9965,-0.513884,-0.473965,-0.485688,-0.524775
84,8,15:22:49.449,-1.06661,1.14305,0.807441,88.655,4.49021,90.0177,-0.513607,-0.473822,-0.486171,-0.524727
85,8,15:22:49.454,-1.06679,1.14275,0.807796,88.6789,4.42925,90.0337,-0.513516,-0.47414,-0.48641,-0.524308
86,8,15:22:49.459,-1.06688,1.14259,0.80799,88.6298,4.41149,90.0537,-0.513315,-0.473906,-0.486802,-0.524352
87,8,15:22:49.464,-1.06695,1.14243,0.808243,88.5804,4.40054,90.0784,-0.51316,-0.47362,-0.487185,-0.524406
88,8,15:22:49.469,-1.06701,1.14241,0.80817,88.539,4.48732,90.1413,-0.513612,-0.472751,-0.48727,-0.524669
89,8,15:22:49.474,-1.06707,1.14224,0.808405,88.4819,4.47557,90.165,-0.513417,-0.472437,-0.487687,-0.524755
90,8,15:22:49.479,-1.06728,1.14197,0.808886,88.4964,4.42394,90.1788,-0.513317,-0.472679,-0.487916,-0.524423
91,8,15:22:49.484,-1.06737,1.14182,0.809113,88.4382,4.40093,90.1979,-0.51305,-0.472432,-0.488366,-0.524487
92,8,15:22:49.489,-1.06747,1.14167,0.8093,88.3843,4.37591,90.2224,-0.512815,-0.472191,-0.488831,-0.5245
93,8,15:22:49.494,-1.06736,1.14163,0.80939,88.2091,4.35362,90.224,-0.511979,-0.471484,-0.489721,-0.525123
94,8,15:22:49.499,-1.06744,1.14152,0.809627,88.165,4.36023,90.236,-0.511868,-0.471198,-0.489944,-0.52528
95,8,15:22:49.505,-1.06745,1.14132,0.809864,88.1118,4.35331,90.2595,-0.511707,-0.470881,-0.49032,-0.52537
96,8,15:22:49.509,-1.06746,1.1411,0.810069,88.0552,4.3615,90.2911,-0.51163,-0.470442,-0.490682,-0.525501
97,8,15:22:49.514,-1.06756,1.14087,0.810241,88.0051,4.36097,90.302,-0.511457,-0.470166,-0.490957,-0.525658
98,8,15:22:49.519,-1.06753,1.14068,0.810467,87.9661,4.37867,90.3389,-0.511517,-0.469741,-0.491222,-0.525733
99,8,15:22:49.524,-1.06764,1.14044,0.810553,87.9247,4.37422,90.369,-0.511444,-0.469438,-0.491564,-0.525755
100,8,15:22:49.529,-1.06767,1.14023,0.810722,87.8952,4.38509,90.4011,-0.511495,-0.469108,-0.491796,-0.525782
101,8,15:22:49.534,-1.06767,1.14002,0.810855,87.8817,4.40725,90.4215,-0.511615,-0.468853,-0.491851,-0.525842
102,8,15:22:49.539,-1.06786,1.13999,0.810983,87.9038,4.36396,90.4221,-0.511528,-0.469152,-0.491947,-0.52557
103,8,15:22:49.544,-1.068,1.13947,0.811425,87.9213,4.3831,90.4508,-0.511802,-0.469016,-0.491916,-0.525454
104,8,15:22:49.549,-1.06823,1.13943,0.811498,87.9318,4.36812,90.4827,-0.511914,-0.46899,-0.492082,-0.525213
105,8,15:22:49.554,-1.068,1.13922,0.811605,87.7496,4.48662,90.4996,-0.511705,-0.467531,-0.492448,-0.526373
106,8,15:22:49.559,-1.06827,1.13926,0.811717,87.7667,4.45669,90.4985,-0.511646,-0.467753,-0.492499,-0.526185
107,8,15:22:49.564,-1.06826,1.13894,0.811988,87.6836,4.52798,90.5182,-0.511673,-0.466953,-0.492644,-0.526733
108,8,15:22:49.569,-1.06839,1.13881,0.812223,87.6541,4.53473,90.5316,-0.51163,-0.466726,-0.492808,-0.526823
109,8,15:22:49.574,-1.06848,1.13864,0.812439,87.6256,4.55618,90.5344,-0.51161,-0.466483,-0.492853,-0.527015
110,8,15:22:49.579,-1.06887,1.1385,0.812497,87.6264,4.5236,90.4994,-0.511332,-0.466794,-0.492833,-0.527028
111,8,15:22:49.584,-1.06894,1.13829,0.812686,87.5909,4.53929,90.5135,-0.511303,-0.466495,-0.492987,-0.527177
112,8,15:22:49.589,-1.06902,1.13808,0.812901,87.5696,4.57726,90.5215,-0.511406,-0.466186,-0.49295,-0.527385
113,8,15:22:49.594,-1.06912,1.13787,0.813066,87.5444,4.61024,90.5381,-0.511505,-0.465842,-0.492994,-0.527552
114,8,15:22:49.599,-1.06904,1.13767,0.813253,87.5036,4.68255,90.5815,-0.511814,-0.465124,-0.493056,-0.527828
115,8,15:22:49.604,-1.06914,1.13749,0.813441,87.4788,4.70607,90.6045,-0.511901,-0.464798,-0.493169,-0.527926
116,8,15:22:49.609,-1.06915,1.13732,0.813509,87.4601,4.73173,90.6115,-0.511958,-0.464561,-0.493171,-0.528077
117,8,15:22:49.614,-1.06923,1.13715,0.813666,87.4401,4.75947,90.6383,-0.512099,-0.46422,-0.493261,-0.528156
118,8,15:22:49.619,-1.06937,1.13693,0.813815,87.4469,4.79312,90.6464,-0.512304,-0.464058,-0.493119,-0.528232
119,8,15:22:49.624,-1.06954,1.1367,0.814028,87.4128,4.78194,90.6403,-0.512084,-0.46398,-0.493293,-0.528351
120,8,15:22:49.629,-1.06967,1.13644,0.814205,87.3741,4.81419,90.6499,-0.512094,-0.463609,-0.493367,-0.528598
121,8,15:22:49.634,-1.07001,1.13636,0.814234,87.4065,4.79492,90.6686,-0.512227,-0.463765,-0.493394,-0.528307
122,8,15:22:49.639,-1.07001,1.13598,0.814497,87.3341,4.86597,90.6632,-0.512196,-0.463124,-0.493378,-0.528914
123,8,15:22:49.645,-1.07019,1.13579,0.814591,87.3166,4.90104,90.6696,-0.512295,-0.462851,-0.493331,-0.529101
124,8,15:22:49.649,-1.07037,1.13562,0.814728,87.2889,4.91702,90.673,-0.512258,-0.462633,-0.493399,-0.529263
125,8,15:22:49.654,-1.07053,1.13543,0.814828,87.2682,4.937,90.6618,-0.512208,-0.462494,-0.493352,-0.529477
126,8,15:22:49.659,-1.07065,1.13525,0.815002,87.2498,4.95988,90.652,-0.512187,-0.462346,-0.493288,-0.529687
127,8,15:22:49.664,-1.07084,1.13504,0.815087,87.2304,4.998,90.6535,-0.512271,-0.462071,-0.493213,-0.529914
128,8,15:22:49.669,-1.07096,1.13484,0.815231,87.2118,5.02697,90.6487,-0.512295,-0.461871,-0.493146,-0.530128
129,8,15:22:49.674,-1.07122,1.13468,0.815222,87.2632,5.12224,90.7004,-0.513129,-0.461432,-0.492734,-0.530088
130,8,15:22:49.679,-1.07138,1.13446,0.815331,87.2501,5.14718,90.7129,-0.513229,-0.461199,-0.492739,-0.530188
131,8,15:22:49.684,-1.07155,1.13425,0.815404,87.2437,5.17101,90.7164,-0.513317,-0.461042,-0.492679,-0.530296
132,8,15:22:49.689,-1.07176,1.13406,0.815497,87.2469,5.19857,90.7218,-0.513469,-0.460903,-0.492567,-0.530372
133,8,15:22:49.694,-1.07186,1.1339,0.815605,87.2377,5.22967,90.7205,-0.513556,-0.460721,-0.492464,-0.530542
134,8,15:22:49.699,-1.07199,1.13368,0.815809,87.1723,5.17704,90.6736,-0.512863,-0.460875,-0.492774,-0.530792
135,8,15:22:49.704,-1.07213,1.13349,0.815859,87.1615,5.21348,90.6736,-0.512972,-0.460654,-0.49266,-0.530984
136,8,15:22:49.709,-1.07233,1.13326,0.815952,87.1553,5.23325,90.6779,-0.513046,-0.460514,-0.492621,-0.531071
137,8,15:22:49.714,-1.07257,1.13305,0.816095,87.1433,5.25003,90.6611,-0.512998,-0.460455,-0.492522,-0.53126
138,8,15:22:49.719,-1.07281,1.13281,0.816186,87.1323,5.27308,90.6627,-0.513055,-0.460289,-0.492476,-0.531391
139,8,15:22:49.724,-1.07298,1.1326,0.816289,87.1322,5.32498,90.6588,-0.513259,-0.460062,-0.492229,-0.531619
140,8,15:22:49.729,-1.07316,1.13242,0.816431,87.1207,5.34304,90.6499,-0.51325,-0.459964,-0.492159,-0.531777
141,8,15:22:49.735,-1.07338,1.1323,0.816588,87.1718,5.37622,90.6413,-0.513576,-0.460084,-0.491743,-0.531744
142,8,15:22:49.739,-1.07352,1.13208,0.816622,87.1754,5.41878,90.6311,-0.513731,-0.459947,-0.491491,-0.531946
143,8,15:22:49.744,-1.07382,1.13189,0.81665,87.1908,5.41966,90.613,-0.513728,-0.460096,-0.491334,-0.531965
144,8,15:22:49.749,-1.07417,1.13165,0.816555,87.1762,5.40373,90.5886,-0.5135,-0.460212,-0.491357,-0.532064
145,8,15:22:49.754,-1.07444,1.13146,0.816601,87.1979,5.42305,90.5699,-0.5136,-0.460306,-0.491087,-0.532135
146,8,15:22:49.759,-1.07457,1.13133,0.81662,87.2497,5.46858,90.5476,-0.513925,-0.460433,-0.490548,-0.532207
147,8,15:22:49.764,-1.07494,1.13128,0.816573,87.336,5.44827,90.5348,-0.514157,-0.460986,-0.490192,-0.531832
148,8,15:22:49.769,-1.07506,1.13096,0.816752,87.3167,5.50565,90.5094,-0.514215,-0.460742,-0.489906,-0.532252
149,8,15:22:49.774,-1.07536,1.1307,0.81679,87.3073,5.50094,90.508,-0.514149,-0.460727,-0.489962,-0.532277
150,8,15:22:49.779,-1.07561,1.13052,0.816895,87.3307,5.52279,90.5063,-0.514335,-0.46074,-0.489752,-0.532278
151,8,15:22:49.784,-1.07584,1.13034,0.816946,87.3617,5.54002,90.4884,-0.514468,-0.460884,-0.489453,-0.5323
152,8,15:22:49.789,-1.07609,1.13013,0.816953,87.3878,5.5643,90.4733,-0.514622,-0.46096,-0.489158,-0.532359
153,8,15:22:49.794,-1.07639,1.13006,0.816878,87.4589,5.5402,90.4601,-0.514771,-0.461462,-0.488884,-0.53203
154,8,15:22:49.799,-1.0765,1.12974,0.816973,87.4187,5.59348,90.4339,-0.514719,-0.461144,-0.488706,-0.532521
155,8,15:22:49.804,-1.07683,1.12957,0.816968,87.4525,5.59484,90.4144,-0.51479,-0.461382,-0.488457,-0.532473
156,8,15:22:49.809,-1.07701,1.12938,0.816941,87.4507,5.62346,90.3949,-0.514825,-0.461327,-0.488247,-0.53268
157,8,15:22:49.815,-1.07735,1.12914,0.816953,87.5003,5.63574,90.3511,-0.514912,-0.461697,-0.487766,-0.532716
158,8,15:22:49.819,-1.07761,1.12895,0.816984,87.5417,5.65751,90.3293,-0.515092,-0.461886,-0.48738,-0.53273
159,8,15:22:49.824,-1.07789,1.12876,0.817012,87.5754,5.67953,90.3159,-0.515275,-0.462,-0.487068,-0.532741
160,8,15:22:49.829,-1.07817,1.12856,0.816997,87.611,5.70872,90.2828,-0.515415,-0.462178,-0.486624,-0.532857
161,8,15:22:49.834,-1.07853,1.12849,0.81694,87.7097,5.70871,90.2483,-0.515695,-0.462792,-0.486019,-0.532604
162,8,15:22:49.839,-1.07878,1.12828,0.816946,87.7694,5.75554,90.2092,-0.515988,-0.463027,-0.485359,-0.532719
163,8,15:22:49.845,-1.07895,1.12788,0.81703,87.7555,5.80688,90.158,-0.515938,-0.462954,-0.484952,-0.5332
164,8,15:22:49.849,-1.07923,1.12767,0.816949,87.8387,5.88485,90.1598,-0.516626,-0.462969,-0.484236,-0.533172
165,8,15:22:49.854,-1.0794,1.12748,0.817066,87.8043,5.86546,90.095,-0.516137,-0.463191,-0.484177,-0.533507
166,8,15:22:49.859,-1.07962,1.12726,0.817105,87.8331,5.91915,90.0753,-0.516406,-0.463164,-0.483713,-0.533691
167,8,15:22:49.864,-1.07987,1.12704,0.817062,87.8638,5.95677,90.0532,-0.516605,-0.463231,-0.483303,-0.533812
168,8,15:22:49.869,-1.08019,1.12679,0.81703,87.9118,5.98769,90.0281,-0.516836,-0.463423,-0.48283,-0.533849
169,8,15:22:49.874,-1.08042,1.12655,0.816966,87.9468,6.06096,90.0094,-0.517216,-0.463329,-0.482255,-0.534082
170,8,15:22:49.879,-1.08077,1.12627,0.816892,88.0178,6.09374,89.969,-0.517489,-0.46369,-0.481598,-0.534098
171,8,15:22:49.884,-1.08108,1.12594,0.816843,88.0893,6.15367,89.9513,-0.517969,-0.463824,-0.480921,-0.534125
172,8,15:22:49.889,-1.0812,1.12595,0.817072,88.0117,6.12662,90.0418,-0.517896,-0.463179,-0.481816,-0.533949
173,8,15:22:49.894,-1.08165,1.12536,0.816742,88.1854,6.21321,89.9301,-0.518537,-0.464091,-0.480118,-0.534066
174,8,15:22:49.899,-1.08196,1.12503,0.81671,88.2356,6.24513,89.9138,-0.518815,-0.46425,-0.47967,-0.53406
175,8,15:22:49.904,-1.08226,1.1247,0.81668,88.2838,6.29124,89.9002,-0.519155,-0.464321,-0.47918,-0.534108
176,8,15:22:49.909,-1.08262,1.12438,0.816648,88.3318,6.33356,89.874,-0.519426,-0.464467,-0.478647,-0.534194
177,8,15:22:49.914,-1.08291,1.12403,0.816583,88.3409,6.39868,89.8563,-0.519665,-0.464287,-0.478228,-0.534494
178,8,15:22:49.919,-1.08314,1.12367,0.816592,88.3803,6.49278,89.8286,-0.520111,-0.464158,-0.477492,-0.53483
179,8,15:22:49.924,-1.08359,1.12333,0.816495,88.4225,6.54433,89.791,-0.52035,-0.464286,-0.476891,-0.535024
180,8,15:22:49.929,-1.084,1.12313,0.816369,88.5046,6.56988,89.7762,-0.520738,-0.464617,-0.476332,-0.534856
181,8,15:22:49.934,-1.08434,1.12266,0.816346,88.5603,6.71507,89.7604,-0.521511,-0.464274,-0.475342,-0.535282
182,8,15:22:49.939,-1.08475,1.12227,0.8163,88.6226,6.77684,89.7247,-0.521882,-0.46444,-0.474609,-0.535426
183,8,15:22:49.944,-1.08504,1.12187,0.816335,88.5837,6.78304,89.6567,-0.521471,-0.464539,-0.47444,-0.53589
184,8,15:22:49.949,-1.0855,1.12146,0.816205,88.6226,6.8617,89.6344,-0.521869,-0.464457,-0.473799,-0.536141
185,8,15:22:49.954,-1.08586,1.12104,0.816205,88.6813,6.97635,89.6183,-0.522523,-0.464271,-0.47293,-0.536431
186,8,15:22:49.959,-1.08633,1.12059,0.816236,88.718,7.05136,89.6057,-0.522935,-0.464151,-0.47236,-0.536636
187,8,15:22:49.964,-1.08686,1.1201,0.816069,88.8103,7.17287,89.618,-0.523869,-0.463962,-0.471437,-0.5367
188,8,15:22:49.969,-1.08722,1.1196,0.816005,88.7456,7.1935,89.5584,-0.523447,-0.463835,-0.471359,-0.53729
189,8,15:22:49.974,-1.0876,1.11909,0.81592,88.7522,7.25776,89.5352,-0.523648,-0.463673,-0.470924,-0.537616
190,8,15:22:49.979,-1.08809,1.11854,0.815883,88.7799,7.33395,89.524,-0.524032,-0.463499,-0.470395,-0.537856
191,8,15:22:49.984,-1.08853,1.11796,0.815792,88.8534,7.42325,89.4777,-0.524516,-0.46364,-0.469429,-0.538106
192,8,15:22:49.989,-1.08915,1.11729,0.815543,88.9041,7.50652,89.4678,-0.525028,-0.463535,-0.468766,-0.538275
193,8,15:22:49.994,-1.08956,1.1167,0.815598,88.9403,7.60115,89.4499,-0.525494,-0.463347,-0.468078,-0.53858
194,8,15:22:49.999,-1.09004,1.11609,0.815697,88.8922,7.59316,89.4112,-0.525108,-0.463335,-0.468154,-0.538901
195,8,15:22:50.005,-1.09078,1.11553,0.815438,88.914,7.64284,89.4063,-0.525383,-0.463229,-0.467801,-0.539031
196,8,15:22:50.009,-1.09122,1.11467,0.815558,88.9161,7.80078,89.372,-0.525905,-0.462659,-0.466899,-0.539793
197,8,15:22:50.014,-1.09185,1.11401,0.815532,88.9393,7.89911,89.3497,-0.526315,-0.462412,-0.466231,-0.540182
198,8,15:22:50.019,-1.09237,1.11326,0.81555,88.9567,8.0131,89.3323,-0.526785,-0.462041,-0.465541,-0.540636
199,8,15:22:50.024,-1.09294,1.11249,0.815533,88.986,8.12382,89.3006,-0.527231,-0.461809,-0.464742,-0.541087
200,8,15:22:50.029,-1.09356,1.11165,0.81547,89.0175,8.23455,89.2803,-0.527732,-0.461534,-0.463985,-0.541482
201,8,15:22:50.034,-1.09402,1.11075,0.815496,89.0108,8.34985,89.2513,-0.528062,-0.461096,-0.463342,-0.542084
202,8,15:22:50.039,-1.09477,1.10981,0.815351,89.0645,8.47771,89.2539,-0.528814,-0.46074,-0.46251,-0.542364
203,8,15:22:50.044,-1.09524,1.10884,0.815466,89.0057,8.53474,89.219,-0.52867,-0.460356,-0.46235,-0.542966
204,8,15:22:50.049,-1.09581,1.10786,0.815477,89.0103,8.71199,89.2566,-0.529566,-0.459373,-0.46168,-0.543497
205,8,15:22:50.054,-1.09653,1.10677,0.815486,89.0164,8.80974,89.2506,-0.529966,-0.458971,-0.461166,-0.543882
206,8,15:22:50.059,-1.09722,1.10578,0.815494,89.0283,8.91394,89.2247,-0.530336,-0.458659,-0.4605,-0.544349
207,8,15:22:50.064,-1.09813,1.1048,0.815416,89.1118,9.05184,89.2517,-0.531341,-0.458282,-0.459596,-0.54445
208,8,15:22:50.069,-1.09871,1.10347,0.815355,89.109,9.27458,89.2858,-0.532372,-0.457063,-0.458726,-0.545201
209,8,15:22:50.074,-1.0993,1.10228,0.815427,89.0584,9.37818,89.2491,-0.532444,-0.456505,-0.4583,-0.545957
210,8,15:22:50.079,-1.10006,1.10112,0.815408,89.1059,9.59742,89.307,-0.533753,-0.455428,-0.457324,-0.546395
211,8,15:22:50.084,-1.10077,1.09988,0.815305,89.1446,9.76188,89.315,-0.534604,-0.454799,-0.456407,-0.546854
212,8,15:22:50.089,-1.10152,1.09887,0.815342,89.1206,9.84805,89.2599,-0.534638,-0.454534,-0.45585,-0.547505
213,8,15:22:50.094,-1.10203,1.09744,0.815536,89.0705,10.0481,89.255,-0.535227,-0.453371,-0.455116,-0.548504
214,8,15:22:50.099,-1.10268,1.09609,0.815513,89.0609,10.2461,89.2342,-0.535905,-0.452484,-0.454126,-0.549394
215,8,15:22:50.104,-1.10345,1.0948,0.815424,89.1266,10.394,89.2833,-0.536953,-0.451868,-0.453354,-0.549516
216,8,15:22:50.109,-1.10407,1.09323,0.815529,89.0912,10.6225,89.3011,-0.5378,-0.450529,-0.452522,-0.550471
217,8,15:22:50.114,-1.10469,1.09184,0.815542,89.0597,10.7908,89.3107,-0.538388,-0.449531,-0.451919,-0.551208
218,8,15:22:50.119,-1.10546,1.09034,0.815595,89.0604,10.9734,89.3119,-0.539125,-0.448659,-0.451054,-0.551906
219,8,15:22:50.124,-1.10604,1.08882,0.815556,89.0763,11.2398,89.3578,-0.540429,-0.447248,-0.449933,-0.552689
220,8,15:22:50.129,-1.10652,1.08744,0.815716,89.0334,11.4041,89.3311,-0.54081,-0.446381,-0.449224,-0.553594
221,8,15:22:50.134,-1.1073,1.08608,0.815676,89.0889,11.5846,89.3432,-0.541791,-0.445728,-0.44816,-0.554023
222,8,15:22:50.139,-1.10773,1.08443,0.815875,89.0471,11.8296,89.3492,-0.542622,-0.444322,-0.447217,-0.5551
223,8,15:22:50.144,-1.10824,1.08274,0.815883,89.0135,12.0797,89.3833,-0.543612,-0.442797,-0.446345,-0.556052
224,8,15:22:50.149,-1.10875,1.08123,0.815896,89.0295,12.3107,89.4254,-0.544747,-0.441562,-0.445368,-0.556706
225,8,15:22:50.159,-1.11001,1.07801,0.815917,89.0307,12.7632,89.5166,-0.546877,-0.438949,-0.443634,-0.558066
226,8,15:22:50.164,-1.11044,1.07637,0.816025,88.9906,12.9963,89.5787,-0.54787,-0.437328,-0.443008,-0.558862
227,8,15:22:50.169,-1.11069,1.07493,0.816145,88.8958,13.1981,89.5427,-0.548154,-0.436058,-0.442314,-0.560124
228,8,15:22:50.174,-1.11102,1.07341,0.81622,88.8663,13.4627,89.5216,-0.548991,-0.434728,-0.441077,-0.561312
229,8,15:22:50.179,-1.11138,1.0719,0.816327,88.8156,13.6679,89.5367,-0.54965,-0.433408,-0.440405,-0.562215
230,8,15:22:50.184,-1.11147,1.07043,0.816298,88.7861,13.9952,89.5246,-0.55076,-0.431724,-0.438906,-0.563596
231,8,15:22:50.189,-1.11158,1.06907,0.816389,88.7149,14.2754,89.5188,-0.551549,-0.43003,-0.437863,-0.564928
232,8,15:22:50.194,-1.11182,1.06782,0.816411,88.7593,14.4975,89.5437,-0.552669,-0.429041,-0.436694,-0.565491
233,8,15:22:50.199,-1.1118,1.06664,0.816326,88.7009,14.7785,89.5457,-0.553534,-0.427363,-0.435622,-0.56674
234,8,15:22:50.204,-1.11166,1.06525,0.816548,88.58,15.0726,89.549,-0.554216,-0.425301,-0.434792,-0.56826
235,8,15:22:50.209,-1.1113,1.06447,0.81686,88.3878,15.3056,89.6324,-0.554688,-0.422793,-0.435003,-0.569509
236,8,15:22:50.214,-1.1109,1.06352,0.816859,88.3488,15.5988,89.621,-0.555618,-0.421202,-0.433708,-0.570767
237,8,15:22:50.219,-1.11049,1.06245,0.816638,88.4454,15.9709,89.577,-0.557239,-0.420052,-0.431203,-0.571931
238,8,15:22:50.224,-1.10974,1.06196,0.816735,88.4121,16.2925,89.6212,-0.558495,-0.418072,-0.430012,-0.573052
239,8,15:22:50.229,-1.10914,1.06142,0.81667,88.4591,16.5881,89.7281,-0.560177,-0.416313,-0.428869,-0.573548
240,8,15:22:50.234,-1.10817,1.06192,0.816984,88.3619,16.9972,89.5387,-0.560667,-0.414709,-0.426384,-0.576078
241,8,15:22:50.239,-1.10706,1.06116,0.816784,88.3412,17.0279,89.7625,-0.561514,-0.413356,-0.427458,-0.575429
242,8,15:22:50.244,-1.10573,1.06122,0.816872,88.2859,17.2879,89.8498,-0.562595,-0.411347,-0.42689,-0.576234
243,8,15:22:50.249,-1.10417,1.0618,0.817081,88.3128,17.5986,89.8931,-0.564009,-0.409708,-0.425446,-0.577087
244,8,15:22:50.254,-1.10242,1.06231,0.817187,88.2112,17.7965,89.9642,-0.564622,-0.40785,-0.425329,-0.577889
245,8,15:22:50.259,-1.10032,1.06327,0.817171,88.2129,18.0011,89.949,-0.565333,-0.406901,-0.424235,-0.578666
246,8,15:22:50.264,-1.09826,1.06484,0.817329,88.1444,18.107,90.0432,-0.565806,-0.405555,-0.424526,-0.578936
247,8,15:22:50.269,-1.09555,1.06636,0.817267,88.1437,18.361,90.0335,-0.566707,-0.404315,-0.423226,-0.579872
248,8,15:22:50.274,-1.09296,1.06819,0.817704,88.0554,18.3936,89.9841,-0.566328,-0.403947,-0.423251,-0.580481
249,8,15:22:50.279,-1.08975,1.07042,0.817647,88.0173,18.4545,89.9403,-0.566258,-0.403662,-0.422916,-0.580991
250,8,15:22:50.284,-1.08644,1.07305,0.817718,87.9279,18.4517,89.8886,-0.565735,-0.403478,-0.423109,-0.581487
251,8,15:22:50.289,-1.08282,1.07602,0.817694,87.9378,18.4354,89.854,-0.56559,-0.403781,-0.422965,-0.581523
252,8,15:22:50.294,-1.07901,1.07969,0.817502,87.9299,18.3134,89.8313,-0.565028,-0.404471,-0.423493,-0.581206
253,8,15:22:50.299,-1.07436,1.08333,0.817355,87.9465,18.2713,89.7599,-0.56468,-0.405121,-0.423257,-0.581264
254,8,15:22:50.304,-1.06991,1.08777,0.816974,87.9804,18.004,89.8276,-0.564052,-0.40631,-0.424752,-0.579951
255,8,15:22:50.309,-1.06456,1.09231,0.817103,87.9119,17.7949,89.7806,-0.562851,-0.40725,-0.425882,-0.57963
256,8,15:22:50.314,-1.05905,1.09707,0.817166,87.9071,17.5028,89.789,-0.56177,-0.408656,-0.427386,-0.578581
257,8,15:22:50.319,-1.05315,1.10275,0.81699,87.9167,17.1166,89.8014,-0.5604,-0.410586,-0.429297,-0.577127
258,8,15:22:50.324,-1.04665,1.10879,0.817315,87.952,16.7602,89.8901,-0.559508,-0.412119,-0.431315,-0.575393
259,8,15:22:50.329,-1.04001,1.11515,0.817478,88.0042,16.3334,90.0685,-0.558735,-0.413648,-0.434038,-0.572994
260,8,15:22:50.334,-1.03271,1.12197,0.817675,88.0229,15.9335,90.2197,-0.557839,-0.415004,-0.436646,-0.570901
261,8,15:22:50.339,-1.02481,1.12916,0.817939,88.0105,15.4784,90.3759,-0.55663,-0.416455,-0.439687,-0.568686
262,8,15:22:50.344,-1.01649,1.13697,0.818461,88.0737,15.073,90.6132,-0.556193,-0.417637,-0.442511,-0.56605
263,8,15:22:50.349,-1.00801,1.14495,0.818709,88.085,14.5783,90.8509,-0.555218,-0.419001,-0.446003,-0.563251
264,8,15:22:50.354,-0.998662,1.15352,0.818994,88.1373,14.1554,91.0922,-0.55469,-0.42019,-0.448955,-0.560534
265,8,15:22:50.359,-0.989303,1.16254,0.819368,88.1029,13.6118,91.3938,-0.55358,-0.421262,-0.453177,-0.557421
266,8,15:22:50.364,-0.979342,1.17177,0.819799,88.2624,13.2838,91.5535,-0.553542,-0.42289,-0.454734,-0.554952
267,8,15:22:50.369,-0.968992,1.18137,0.820093,88.3044,12.8144,91.7098,-0.552485,-0.424658,-0.457502,-0.552375
268,8,15:22:50.374,-0.958692,1.1916,0.820169,88.4399,12.4008,91.802,-0.551776,-0.426905,-0.459237,-0.549906
269,8,15:22:50.379,-0.948018,1.20196,0.820235,88.5142,11.9213,91.9245,-0.550681,-0.429028,-0.461713,-0.547271
270,8,15:22:50.384,-0.936961,1.21284,0.820357,88.5654,11.5021,91.9345,-0.549302,-0.431279,-0.463474,-0.545398
271,8,15:22:50.389,-0.925712,1.22392,0.820418,88.5867,11.0711,92.0119,-0.548003,-0.433116,-0.465746,-0.543309
272,8,15:22:50.394,-0.91456,1.23512,0.820381,88.6118,10.6456,92.0278,-0.546505,-0.435232,-0.467675,-0.541466
273,8,15:22:50.399,-0.903469,1.24659,0.820386,88.6058,10.0593,91.9306,-0.543809,-0.438513,-0.469955,-0.539556
274,8,15:22:50.404,-0.892214,1.258,0.820384,88.6064,9.62051,91.9644,-0.542208,-0.440478,-0.472132,-0.537663
275,8,15:22:50.409,-0.881196,1.26935,0.820243,88.546,9.14667,91.9846,-0.540157,-0.442386,-0.474686,-0.53591
276,8,15:22:50.414,-0.869924,1.28092,0.820106,88.5011,8.68415,91.9769,-0.538095,-0.444438,-0.476973,-0.534252
277,8,15:22:50.419,-0.85897,1.29223,0.820222,88.5057,8.22035,91.9419,-0.536119,-0.446846,-0.4789,-0.532503
278,8,15:22:50.424,-0.847958,1.30332,0.820195,88.3923,7.78611,91.9287,-0.533842,-0.448457,-0.481337,-0.531238
279,8,15:22:50.429,-0.836941,1.31419,0.81993,88.3102,7.33525,91.9564,-0.531778,-0.450098,-0.483883,-0.529605
280,8,15:22:50.434,-0.825958,1.32482,0.820017,88.2406,6.89908,91.9615,-0.529727,-0.451829,-0.486189,-0.528073
281,8,15:22:50.439,-0.815099,1.33521,0.819942,88.1877,6.45978,91.9455,-0.527641,-0.453743,-0.488326,-0.526546
282,8,15:22:50.444,-0.804393,1.34539,0.819808,88.1467,5.99718,91.9253,-0.525483,-0.455835,-0.490484,-0.524888
283,8,15:22:50.449,-0.793535,1.35524,0.819656,88.0647,5.50724,91.923,-0.523096,-0.457781,-0.493023,-0.523198
284,8,15:22:50.454,-0.782529,1.36495,0.819655,87.9511,5.15927,91.9422,-0.521237,-0.458812,-0.495167,-0.522125
285,8,15:22:50.459,-0.771861,1.37434,0.81954,87.9021,4.63748,91.9115,-0.518722,-0.461177,-0.497545,-0.520282
286,8,15:22:50.464,-0.761533,1.38373,0.819354,88.0151,4.2112,91.9042,-0.517396,-0.463713,-0.49887,-0.518074
287,8,15:22:50.469,-0.750658,1.39268,0.819586,87.7668,3.63463,91.8203,-0.513539,-0.465654,-0.502124,-0.517026
288,8,15:22:50.474,-0.73963,1.40128,0.81981,87.5944,3.30571,91.8739,-0.511603,-0.466166,-0.504564,-0.516107
289,8,15:22:50.479,-0.729122,1.40978,0.8196,87.5838,2.81462,91.8198,-0.509241,-0.468635,-0.50649,-0.514317
290,8,15:22:50.484,-0.718454,1.41791,0.819433,87.5007,2.36576,91.8147,-0.506929,-0.470359,-0.508767,-0.512779
291,8,15:22:50.489,-0.707822,1.42598,0.819465,87.4122,1.97761,91.837,-0.504956,-0.471654,-0.510919,-0.511394
292,8,15:22:50.494,-0.697659,1.43373,0.819285,87.5093,1.42323,91.7904,-0.5028,-0.474836,-0.512648,-0.508836
293,8,15:22:50.499,-0.686753,1.44128,0.81936,87.2743,1.07562,91.8177,-0.50035,-0.475265,-0.515274,-0.508199
294,8,15:22:50.504,-0.67612,1.44853,0.81929,87.1965,0.678211,91.8632,-0.498455,-0.476538,-0.517492,-0.506612
295,8,15:22:50.509,-0.665801,1.45575,0.818865,87.1954,0.191503,91.8364,-0.496207,-0.478867,-0.519424,-0.504641
296,8,15:22:50.514,-0.655328,1.4625,0.818791,87.1041,-0.203996,91.8936,-0.494293,-0.480015,-0.521725,-0.503054
297,8,15:22:50.519,-0.645215,1.46926,0.818415,87.2286,-0.717272,91.82,-0.492284,-0.4832,-0.523005,-0.500639
298,8,15:22:50.524,-0.634771,1.47557,0.8183,87.0436,-1.09663,91.8268,-0.489785,-0.484074,-0.525401,-0.499737
299,8,15:22:50.529,-0.624379,1.48183,0.818267,87.0333,-1.5337,91.879,-0.488013,-0.485772,-0.527477,-0.497632
300,8,15:22:50.534,-0.614311,1.48756,0.81795,86.9722,-1.94954,91.8415,-0.485714,-0.487531,-0.529282,-0.496242
301,8,15:22:50.539,-0.603581,1.49325,0.818047,86.8392,-2.40201,91.8466,-0.48309,-0.488957,-0.531716,-0.494796
302,8,15:22:50.544,-0.593481,1.49882,0.817914,86.8422,-2.81152,91.8405,-0.481233,-0.490821,-0.533343,-0.493006
303,8,15:22:50.549,-0.583087,1.50383,0.81822,86.7977,-3.21416,91.8447,-0.479222,-0.492401,-0.535179,-0.491397
304,8,15:22:50.554,-0.57276,1.50898,0.817886,86.6,-3.62299,91.8597,-0.476505,-0.493304,-0.537714,-0.490365
305,8,15:22:50.559,-0.562619,1.51367,0.817697,86.5676,-4.07748,91.8455,-0.474219,-0.495234,-0.539609,-0.488551
306,8,15:22:50.564,-0.552304,1.51826,0.817692,86.4775,-4.44484,91.8719,-0.472227,-0.496361,-0.541558,-0.487178
307,8,15:22:50.569,-0.542401,1.52248,0.817367,86.4846,-4.95305,91.8251,-0.469722,-0.498816,-0.543347,-0.485096
308,8,15:22:50.574,-0.531866,1.52633,0.817459,86.2984,-5.40632,91.8033,-0.46665,-0.500102,-0.545804,-0.483978
309,8,15:22:50.579,-0.521704,1.53031,0.817335,86.2601,-5.74087,91.8986,-0.465333,-0.501014,-0.547674,-0.482186
310,8,15:22:50.584,-0.511578,1.53387,0.817224,86.201,-6.19003,91.8908,-0.462929,-0.502754,-0.549634,-0.480456
311,8,15:22:50.589,-0.501947,1.53725,0.817021,86.2876,-6.66409,91.8391,-0.460907,-0.50538,-0.550911,-0.478177
312,8,15:22:50.594,-0.491717,1.54043,0.816926,86.1477,-7.1048,91.859,-0.458258,-0.506621,-0.553259,-0.476697
313,8,15:22:50.599,-0.48161,1.54324,0.816831,86.1128,-7.53981,91.8533,-0.45602,-0.508372,-0.555046,-0.474897
314,8,15:22:50.604,-0.47142,1.54602,0.816796,85.9927,-7.93835,91.8674,-0.453621,-0.50953,-0.557105,-0.473541
315,8,15:22:50.609,-0.461397,1.54822,0.816733,85.9199,-8.33648,91.8929,-0.451496,-0.510835,-0.55901,-0.471918
316,8,15:22:50.614,-0.451422,1.55067,0.816476,85.8995,-8.75501,91.8794,-0.449349,-0.512591,-0.560618,-0.470153
317,8,15:22:50.619,-0.441591,1.55266,0.816431,85.8788,-9.22235,91.8786,-0.447017,-0.514496,-0.562454,-0.468097
318,8,15:22:50.624,-0.431194,1.55443,0.816463,85.7784,-9.62165,91.8616,-0.444538,-0.515845,-0.564269,-0.466787
319,8,15:22:50.629,-0.421673,1.55599,0.816248,85.7071,-10.0189,91.8846,-0.442385,-0.517144,-0.566116,-0.465155
320,8,15:22:50.634,-0.411151,1.55716,0.816023,85.5574,-10.4563,91.8946,-0.439583,-0.518343,-0.56835,-0.463751
321,8,15:22:50.639,-0.401486,1.55839,0.816017,85.5432,-10.8715,91.9019,-0.437541,-0.520002,-0.56996,-0.461846
322,8,15:22:50.644,-0.391378,1.55915,0.81582,85.453,-11.2836,91.9236,-0.435193,-0.521282,-0.571897,-0.460224
323,8,15:22:50.649,-0.381987,1.55991,0.8159,85.5256,-11.754,91.9264,-0.433283,-0.523523,-0.573343,-0.457676
324,8,15:22:50.654,-0.371862,1.56019,0.815819,85.357,-12.1933,91.8904,-0.430131,-0.524812,-0.575421,-0.456565
325,8,15:22:50.659,-0.36129,1.56037,0.815941,85.0966,-12.5063,91.9657,-0.427633,-0.524792,-0.577818,-0.455906
326,8,15:22:50.664,-0.351315,1.56051,0.816066,85.0449,-12.9606,92.0084,-0.425337,-0.526309,-0.579797,-0.453787
327,8,15:22:50.669,-0.342229,1.56028,0.815477,85.1685,-13.462,91.9254,-0.423111,-0.52917,-0.580788,-0.451266
328,8,15:22:50.674,-0.331817,1.55969,0.815561,84.9978,-13.8037,91.9564,-0.4207,-0.529787,-0.582742,-0.450277
329,8,15:22:50.679,-0.322051,1.55898,0.81528,84.9492,-14.2522,91.9599,-0.418246,-0.531419,-0.584504,-0.448352
330,8,15:22:50.684,-0.312179,1.55807,0.815177,84.8549,-14.6478,91.9541,-0.41577,-0.532685,-0.586201,-0.446935
331,8,15:22:50.689,-0.301953,1.55695,0.815029,84.7929,-15.0148,91.9398,-0.413556,-0.533988,-0.587639,-0.445545
332,8,15:22:50.694,-0.292314,1.55539,0.815236,84.6175,-15.4198,91.9693,-0.410766,-0.534843,-0.589775,-0.444274
333,8,15:22:50.699,-0.282212,1.55383,0.815107,84.6469,-15.89,91.9718,-0.40857,-0.536848,-0.591284,-0.441868
334,8,15:22:50.704,-0.272649,1.5521,0.814861,84.543,-16.2808,92.0249,-0.406316,-0.537833,-0.593183,-0.440201
335,8,15:22:50.709,-0.262752,1.55004,0.814838,84.4771,-16.6568,92.0217,-0.404062,-0.539102,-0.59467,-0.438715
336,8,15:22:50.714,-0.252996,1.54779,0.814649,84.4209,-17.0541,92.0169,-0.401738,-0.540494,-0.596179,-0.437085
337,8,15:22:50.719,-0.242652,1.54519,0.814877,84.2234,-17.4496,92.0706,-0.398956,-0.541133,-0.598388,-0.435822
338,8,15:22:50.724,-0.233015,1.54263,0.8147,84.2496,-17.8726,92.0248,-0.396724,-0.543074,-0.599519,-0.433885
339,8,15:22:50.729,-0.223539,1.53983,0.814397,84.1736,-18.262,92.0677,-0.394544,-0.544183,-0.601221,-0.432127
340,8,15:22:50.734,-0.213558,1.53664,0.814324,84.1234,-18.6535,92.0695,-0.392286,-0.545534,-0.602677,-0.430448
341,8,15:22:50.739,-0.203858,1.53318,0.814243,84.0054,-19.0598,92.043,-0.389455,-0.546782,-0.604295,-0.429164
342,8,15:22:50.744,-0.193872,1.52968,0.814061,83.9317,-19.4507,92.088,-0.38727,-0.547889,-0.60597,-0.427365
343,8,15:22:50.749,-0.184259,1.52583,0.813968,83.877,-19.8373,92.1081,-0.385084,-0.54913,-0.607463,-0.425624
344,8,15:22:50.754,-0.173824,1.52179,0.814162,83.6733,-20.1942,92.1207,-0.382218,-0.549725,-0.609323,-0.424779
345,8,15:22:50.759,-0.164537,1.51743,0.813984,83.6397,-20.585,92.1701,-0.380252,-0.550958,-0.610846,-0.422754
346,8,15:22:50.764,-0.15464,1.51307,0.813884,83.575,-20.9506,92.164,-0.377979,-0.55216,-0.61218,-0.421293
347,8,15:22:50.769,-0.145018,1.50851,0.814024,83.4573,-21.3333,92.1626,-0.375349,-0.553213,-0.613749,-0.419977
348,8,15:22:50.774,-0.135535,1.50386,0.813872,83.3972,-21.8525,92.3181,-0.373068,-0.55449,-0.616109,-0.416859
349,8,15:22:50.779,-0.125273,1.49827,0.813918,83.3498,-22.1468,92.1844,-0.370626,-0.555882,-0.616675,-0.416345
350,8,15:22:50.784,-0.116174,1.49346,0.813737,83.2715,-22.6154,92.3322,-0.368464,-0.556917,-0.618883,-0.413596
351,8,15:22:50.789,-0.106456,1.4875,0.813852,83.1906,-22.9156,92.2541,-0.366069,-0.558022,-0.619764,-0.412914
352,8,15:22:50.794,-0.0968539,1.48211,0.813602,83.1099,-23.3794,92.3501,-0.363656,-0.559193,-0.621751,-0.410468
353,8,15:22:50.799,-0.0868991,1.47604,0.813724,82.9848,-23.8144,92.4044,-0.360944,-0.560225,-0.623626,-0.408604
354,8,15:22:50.804,-0.0773792,1.46963,0.813598,82.9651,-24.0496,92.2704,-0.358936,-0.561465,-0.623902,-0.40825
355,8,15:22:50.809,-0.0675129,1.46326,0.813369,82.8924,-24.4732,92.3364,-0.356616,-0.562598,-0.625601,-0.406117
356,8,15:22:50.814,-0.0582331,1.45658,0.813498,82.8243,-24.7959,92.3211,-0.354454,-0.563617,-0.626694,-0.404911
357,8,15:22:50.819,-0.0477484,1.44973,0.812844,82.8157,-25.0819,92.2763,-0.352663,-0.564796,-0.627388,-0.403756
358,8,15:22:50.824,-0.0381763,1.44252,0.812966,82.7416,-25.4569,92.253,-0.350141,-0.566006,-0.628609,-0.402354
359,8,15:22:50.829,-0.0296191,1.43591,0.813568,82.5668,-26.029,92.4984,-0.347332,-0.566777,-0.631621,-0.398972
360,8,15:22:50.834,-0.0196779,1.42823,0.813015,82.5437,-26.417,92.4743,-0.345005,-0.568209,-0.632695,-0.397249
361,8,15:22:50.839,-0.0100657,1.42035,0.812616,82.4412,-26.6664,92.3821,-0.342641,-0.569052,-0.633379,-0.396999
362,8,15:22:50.844,-0.000616135,1.41237,0.812592,82.4775,-27.1166,92.3969,-0.340492,-0.570791,-0.634569,-0.394444
363,8,15:22:50.849,0.009571,1.40409,0.812508,82.3508,-27.3515,92.3282,-0.338181,-0.57142,-0.635354,-0.394257
364,8,15:22:50.854,0.0182148,1.39627,0.812806,82.2083,-27.9212,92.6242,-0.335787,-0.572147,-0.638337,-0.390411
365,8,15:22:50.860,0.0279669,1.38734,0.812746,82.1631,-28.1898,92.5003,-0.333461,-0.573335,-0.638771,-0.389951
366,8,15:22:50.864,0.037168,1.37878,0.812805,82.0393,-28.6069,92.605,-0.331032,-0.574129,-0.640601,-0.387846
367,8,15:22:50.869,0.0468033,1.36984,0.812461,82.0064,-29.0005,92.6565,-0.328966,-0.575298,-0.641911,-0.385699
368,8,15:22:50.874,0.0565125,1.36026,0.812032,82.0518,-29.2175,92.5104,-0.327304,-0.576653,-0.641861,-0.385172
369,8,15:22:50.879,0.0655158,1.35132,0.812226,81.8656,-29.7336,92.7801,-0.324803,-0.577122,-0.644641,-0.381932
370,8,15:22:50.884,0.0748173,1.34152,0.812511,81.7812,-30.0589,92.6832,-0.322062,-0.578284,-0.645395,-0.381221
371,8,15:22:50.889,0.0845353,1.33174,0.81226,81.6682,-30.4591,92.7339,-0.31949,-0.5792,-0.646903,-0.379434
372,8,15:22:50.894,0.0943497,1.32129,0.811934,81.7085,-30.5671,92.4883,-0.317882,-0.580402,-0.646253,-0.380056
373,8,15:22:50.899,0.10322,1.31139,0.812149,81.5677,-31.1851,92.719,-0.314859,-0.581497,-0.648965,-0.376259
374,8,15:22:50.904,0.112522,1.30073,0.81248,81.4462,-31.5154,92.6916,-0.312213,-0.582343,-0.650031,-0.375313
375,8,15:22:50.909,0.122715,1.28954,0.811973,81.555,-31.6349,92.5404,-0.311402,-0.583533,-0.649537,-0.374994
376,8,15:22:50.914,0.130777,1.27933,0.812288,81.3653,-32.1239,92.8814,-0.309361,-0.583714,-0.652367,-0.371473
377,8,15:22:50.919,0.140316,1.26818,0.812296,81.1594,-32.5344,92.8225,-0.305617,-0.584649,-0.653725,-0.370713
378,8,15:22:50.924,0.148751,1.2572,0.811906,81.1941,-32.8388,92.9356,-0.304706,-0.585527,-0.654728,-0.368298
379,8,15:22:50.929,0.158856,1.24517,0.811909,81.0682,-33.2382,92.8016,-0.301084,-0.586872,-0.655583,-0.367615
380,8,15:22:50.934,0.16816,1.23319,0.811733,81.0485,-33.5223,92.7196,-0.298971,-0.588012,-0.656045,-0.366694
381,8,15:22:50.939,0.177211,1.22166,0.811817,80.8953,-33.9151,92.8617,-0.296634,-0.588515,-0.657817,-0.364602
382,8,15:22:50.944,0.186503,1.20934,0.811657,80.8466,-34.2601,92.8735,-0.29449,-0.589523,-0.658781,-0.362969
383,8,15:22:50.949,0.195601,1.19728,0.811518,80.8342,-34.6433,92.8952,-0.29239,-0.590748,-0.659762,-0.360888
384,8,15:22:50.954,0.204397,1.18468,0.81135,80.763,-34.9067,92.9571,-0.290825,-0.591271,-0.660738,-0.359507
385,8,15:22:50.959,0.213701,1.17189,0.811317,80.6539,-35.1953,92.9868,-0.288733,-0.591843,-0.661758,-0.358374
386,8,15:22:50.964,0.222809,1.15875,0.811395,80.5716,-35.5561,92.948,-0.286032,-0.592916,-0.662651,-0.357114
387,8,15:22:50.970,0.231775,1.14555,0.811387,80.5195,-35.8729,92.986,-0.284148,-0.593738,-0.663601,-0.355485
388,8,15:22:50.974,0.240907,1.13215,0.811164,80.4131,-36.247,93.0023,-0.281511,-0.594638,-0.664734,-0.353957
389,8,15:22:50.979,0.249822,1.11906,0.811039,80.2392,-36.6146,93.2211,-0.279566,-0.594814,-0.666629,-0.351634
390,8,15:22:50.985,0.258688,1.10499,0.811134,80.2707,-36.8648,93.0873,-0.277642,-0.596081,-0.666678,-0.350917
391,8,15:22:50.989,0.267827,1.09115,0.8109,80.086,-37.3355,93.1814,-0.274397,-0.596876,-0.668408,-0.348822
392,8,15:22:50.994,0.276912,1.0766,0.810903,80.0974,-37.5563,93.1279,-0.272935,-0.597779,-0.668682,-0.347897
393,8,15:22:51.000,0.286577,1.062,0.809756,80.2241,-37.8431,92.8906,-0.27081,-0.599683,-0.668262,-0.347086
394,8,15:22:51.004,0.294588,1.04814,0.810606,79.8418,-38.2537,93.3638,-0.26872,-0.598783,-0.671437,-0.344124
395,8,15:22:51.009,0.303275,1.03312,0.810894,80.0172,-38.5406,93.2352,-0.267446,-0.600564,-0.671225,-0.342421
396,8,15:22:51.015,0.313372,1.01722,0.809163,80.2067,-38.8905,92.6549,-0.263515,-0.603625,-0.669766,-0.342943
397,8,15:22:51.020,0.320887,1.00294,0.810788,79.7738,-39.2493,93.3561,-0.262622,-0.601904,-0.67357,-0.339182
398,8,15:22:51.024,0.330604,0.986829,0.80927,80.1117,-39.565,92.7553,-0.25964,-0.605305,-0.671652,-0.33923
399,8,15:22:51.029,0.338662,0.971339,0.810565,79.5592,-39.999,93.3063,-0.256819,-0.603847,-0.675377,-0.336568
400,8,15:22:51.034,0.347417,0.955574,0.810586,79.5321,-40.3065,93.371,-0.255243,-0.604628,-0.676219,-0.334671
401,8,15:22:51.039,0.356216,0.939558,0.810515,79.4485,-40.6907,93.3089,-0.252222,-0.605772,-0.676954,-0.333404
402,8,15:22:51.044,0.365036,0.923502,0.810153,79.342,-41.0733,93.485,-0.250331,-0.606318,-0.678415,-0.330856
403,8,15:22:51.049,0.374695,0.905665,0.808949,79.7256,-41.2892,92.665,-0.247006,-0.6099,-0.675616,-0.332495
404,8,15:22:51.054,0.382665,0.89033,0.810108,78.9737,-41.8618,93.5508,-0.243967,-0.607667,-0.68084,-0.328143
405,8,15:22:51.059,0.391261,0.87339,0.809946,78.8535,-42.2652,93.6313,-0.241357,-0.608453,-0.682043,-0.326112
406,8,15:22:51.064,0.39985,0.856538,0.809749,78.971,-42.617,93.6233,-0.239986,-0.609931,-0.682392,-0.323622
407,8,15:22:51.069,0.408617,0.839322,0.809955,78.5668,-43.0325,93.8361,-0.236311,-0.609679,-0.68455,-0.322241
408,8,15:22:51.074,0.417333,0.821841,0.809691,78.5866,-43.3661,93.6951,-0.233751,-0.611089,-0.68468,-0.321161
409,8,15:22:51.079,0.426692,0.803766,0.808857,78.7337,-43.4943,93.2017,-0.231253,-0.612909,-0.683214,-0.32262
410,8,15:22:51.084,0.433917,0.786635,0.809614,78.4475,-44.0327,93.6994,-0.229083,-0.612806,-0.686086,-0.318238
411,8,15:22:51.089,0.44233,0.768623,0.809508,78.4058,-44.4558,93.7449,-0.226624,-0.613932,-0.686988,-0.315875
412,8,15:22:51.094,0.450925,0.750352,0.809451,78.2192,-44.8387,93.831,-0.223743,-0.614453,-0.688206,-0.314261
413,8,15:22:51.100,0.459245,0.732142,0.809486,78.1563,-45.2771,93.8648,-0.220998,-0.615587,-0.689112,-0.311989
414,8,15:22:51.104,0.467876,0.713724,0.809418,78.0098,-45.6472,93.9129,-0.218221,-0.616251,-0.690096,-0.310454
415,8,15:22:51.110,0.47628,0.695014,0.809381,77.8345,-45.9736,94.0355,-0.215923,-0.616561,-0.691254,-0.308865
416,8,15:22:51.114,0.484616,0.676446,0.809685,77.7475,-46.4317,94.0025,-0.212548,-0.617811,-0.69201,-0.307011
417,8,15:22:51.119,0.492956,0.657202,0.809296,77.5676,-46.7783,94.1942,-0.21047,-0.61805,-0.693358,-0.304913
418,8,15:22:51.124,0.501527,0.638049,0.809454,77.5386,-47.1791,94.1469,-0.207697,-0.619296,-0.693858,-0.303144
419,8,15:22:51.129,0.509606,0.618958,0.809669,77.1758,-47.6383,94.3229,-0.203762,-0.619437,-0.695612,-0.301502
420,8,15:22:51.134,0.51829,0.599484,0.808653,77.6039,-47.9964,94.1311,-0.203223,-0.621993,-0.694841,-0.298365
421,8,15:22:51.139,0.526018,0.579703,0.808354,77.7284,-48.4014,94.1752,-0.201843,-0.623461,-0.69529,-0.295174
422,8,15:22:51.144,0.534416,0.560033,0.808435,77.4908,-48.8183,94.2445,-0.198332,-0.623984,-0.696442,-0.29373
423,8,15:22:51.149,0.543441,0.540782,0.808626,76.7892,-49.2439,94.4419,-0.192634,-0.623132,-0.698694,-0.293982
424,8,15:22:51.154,0.551334,0.520574,0.808677,76.97,-49.1632,94.0599,-0.192132,-0.623995,-0.697305,-0.295773
425,8,15:22:51.159,0.558912,0.501756,0.808101,76.9496,-48.8384,94.039,-0.193805,-0.622999,-0.696864,-0.297813
426,8,15:22:51.164,0.56537,0.484677,0.808521,77.1768,-48.1595,93.4464,-0.195958,-0.622556,-0.69401,-0.303931
427,8,15:22:51.169,0.571349,0.468471,0.80749,77.4811,-46.8809,93.3118,-0.204581,-0.619731,-0.691296,-0.310146
428,8,15:22:51.174,0.576508,0.454487,0.807524,77.472,-45.481,93.2392,-0.212333,-0.615524,-0.689002,-0.318311
429,8,15:22:51.179,0.580875,0.442796,0.807068,77.5798,-43.913,93.0229,-0.220973,-0.61131,-0.685687,-0.327574
430,8,15:22:51.184,0.586288,0.433538,0.806598,77.5713,-42.7336,93.3221,-0.229365,-0.606917,-0.684598,-0.332218
431,8,15:22:51.189,0.591597,0.426022,0.806047,77.5138,-41.6195,93.6805,-0.237354,-0.602369,-0.683855,-0.336388
432,8,15:22:51.194,0.596685,0.420553,0.80558,77.4676,-40.6421,93.9842,-0.244293,-0.598327,-0.683141,-0.340065
433,8,15:22:51.199,0.600681,0.416553,0.806643,77.1082,-39.6646,94.2066,-0.24891,-0.593438,-0.682845,-0.345829
434,8,15:22:51.204,0.605606,0.413543,0.806369,77.0061,-38.8335,94.2446,-0.253247,-0.590162,-0.681684,-0.350544
435,8,15:22:51.209,0.610264,0.411454,0.806939,76.9433,-38.0234,94.121,-0.256857,-0.587402,-0.679948,-0.355884
436,8,15:22:51.214,0.614971,0.409888,0.80728,76.7807,-37.2021,94.2313,-0.261127,-0.58373,-0.679115,-0.360382
437,8,15:22:51.219,0.619299,0.40876,0.807598,76.4801,-36.3614,94.3484,-0.264708,-0.579481,-0.678572,-0.365613
438,8,15:22:51.224,0.624144,0.408615,0.808259,76.4513,-35.5901,94.247,-0.268389,-0.576812,-0.676815,-0.370373
439,8,15:22:51.229,0.628697,0.408482,0.809007,76.2814,-34.7018,94.3549,-0.272938,-0.57273,-0.675809,-0.375189
440,8,15:22:51.240,0.637071,0.409385,0.810166,75.9295,-32.5133,94.6899,-0.284796,-0.562482,-0.673324,-0.386188
441,8,15:22:51.244,0.641277,0.410624,0.811708,75.7534,-31.6438,94.8503,-0.28939,-0.558122,-0.672491,-0.390524
442,8,15:22:51.249,0.645358,0.411696,0.812705,75.7934,-30.4726,94.92,-0.296456,-0.553493,-0.670129,-0.395837
443,8,15:22:51.254,0.649495,0.412812,0.813666,75.8416,-29.2376,94.968,-0.303779,-0.548633,-0.667459,-0.401521
444,8,15:22:51.259,0.652647,0.413494,0.814939,75.7314,-27.8308,95.0748,-0.311359,-0.542288,-0.664957,-0.408425
445,8,15:22:51.264,0.656889,0.415287,0.816692,76.1531,-26.8738,94.9163,-0.318267,-0.540338,-0.661006,-0.412083
446,8,15:22:51.269,0.660292,0.416557,0.81784,76.2,-25.8294,95.0231,-0.324704,-0.535926,-0.658766,-0.416388
447,8,15:22:51.274,0.663933,0.417869,0.818492,76.4612,-24.8693,95.3274,-0.332795,-0.532025,-0.656785,-0.418128
448,8,15:22:51.279,0.667142,0.419724,0.820201,76.6454,-24.1179,95.4361,-0.338375,-0.52924,-0.654779,-0.420323
449,8,15:22:51.284,0.669388,0.421385,0.822606,76.5458,-23.3832,95.8058,-0.34342,-0.524675,-0.65459,-0.422246
450,8,15:22:51.289,0.67199,0.423552,0.823838,77.0007,-22.8871,95.9901,-0.349484,-0.523685,-0.652634,-0.421526
451,8,15:22:51.294,0.673674,0.425549,0.825729,77.1961,-22.1965,96.2083,-0.355226,-0.520787,-0.65106,-0.422749
452,8,15:22:51.299,0.674771,0.427308,0.828535,77.1538,-21.7323,96.5215,-0.358836,-0.517659,-0.651144,-0.423412
453,8,15:22:51.304,0.676338,0.429273,0.830025,77.5512,-21.2659,96.8066,-0.364807,-0.516209,-0.649723,-0.422262
454,8,15:22:51.309,0.676602,0.431012,0.832924,77.5209,-20.7238,96.9261,-0.367983,-0.513359,-0.648831,-0.424346
455,8,15:22:51.315,0.677664,0.432644,0.834096,77.8865,-20.345,97.3973,-0.374112,-0.511529,-0.648381,-0.421877
456,8,15:22:51.319,0.677658,0.434245,0.837,77.6833,-19.9007,97.612,-0.376196,-0.508122,-0.648655,-0.423716
457,8,15:22:51.325,0.678677,0.43544,0.837934,78.0947,-19.7039,98.1368,-0.381854,-0.50703,-0.648701,-0.419875
458,8,15:22:51.329,0.678107,0.436716,0.840814,77.9421,-19.2534,98.3036,-0.384013,-0.50391,-0.648617,-0.421787
459,8,15:22:51.334,0.678832,0.43765,0.841588,78.1837,-19.1303,98.9749,-0.38895,-0.501981,-0.649931,-0.417519
460,8,15:22:51.339,0.678517,0.438644,0.843805,77.9825,-18.9433,99.3705,-0.390476,-0.499061,-0.651559,-0.417059
461,8,15:22:51.344,0.678164,0.439576,0.845034,78.1067,-18.7907,99.7119,-0.393431,-0.497654,-0.651969,-0.415319
462,8,15:22:51.349,0.678212,0.440405,0.847093,77.8885,-18.8842,100.186,-0.393774,-0.495662,-0.654678,-0.413107
463,8,15:22:51.354,0.678094,0.441068,0.848139,77.9008,-18.8776,100.592,-0.395633,-0.494276,-0.65608,-0.410762
464,8,15:22:51.359,0.677542,0.441503,0.849591,77.7756,-18.8065,100.957,-0.396839,-0.49224,-0.657634,-0.409555
465,8,15:22:51.364,0.676603,0.441837,0.851492,77.4647,-18.7928,101.223,-0.39626,-0.490146,-0.659625,-0.409427
